{
    "adapt_mode": 2, 
    "children": [
        {
            "children": [
                {
                    "children": [], 
                    "event_list": [], 
                    "image": 134023, 
                    "name": "1", 
                    "pos": {
                        "__tuple__": true, 
                        "items": [
                            735.3596801757812, 
                            98.99969482421875
                        ]
                    }, 
                    "pos_percent": {
                        "__tuple__": true, 
                        "items": [
                            735.3596801757812, 
                            98.99969482421875
                        ]
                    }, 
                    "type": 4, 
                    "uid": "7bb441ad-b534-4a76-97d0-9dee76d6a3c8", 
                    "visible": false
                }, 
                {
                    "children": [], 
                    "event_list": [], 
                    "image": 110861, 
                    "name": "2", 
                    "pos": {
                        "__tuple__": true, 
                        "items": [
                            732.3612670898438, 
                            101.99951171875
                        ]
                    }, 
                    "pos_percent": {
                        "__tuple__": true, 
                        "items": [
                            732.3612670898438, 
                            101.99951171874999
                        ]
                    }, 
                    "scale": {
                        "__tuple__": true, 
                        "items": [
                            0.9, 
                            0.9
                        ]
                    }, 
                    "size": {
                        "__tuple__": true, 
                        "items": [
                            150.0, 
                            150.0
                        ]
                    }, 
                    "type": 4, 
                    "uid": "55793564-9402-4279-a6c3-1c21d603cb34", 
                    "visible": false
                }
            ], 
            "event_list": [], 
            "name": "frame_1", 
            "pos": {
                "__tuple__": true, 
                "items": [
                    37.3916015625, 
                    126.99981689453125
                ]
            }, 
            "pos_percent": {
                "__tuple__": true, 
                "items": [
                    1.947479248046875, 
                    11.75924230504919
                ]
            }, 
            "type": 7, 
            "uid": "176d5b67-8c34-4612-aaae-3c702b2db9a4"
        }, 
        {
            "children": [
                {
                    "children": [], 
                    "event_list": [], 
                    "image": 134023, 
                    "name": "1", 
                    "pos": {
                        "__tuple__": true, 
                        "items": [
                            831.1196899414062, 
                            99.6976318359375
                        ]
                    }, 
                    "pos_percent": {
                        "__tuple__": true, 
                        "items": [
                            831.1196899414062, 
                            99.6976318359375
                        ]
                    }, 
                    "type": 4, 
                    "uid": "f2e4b4a5-88d4-4b05-8d2b-a53974a1e46d", 
                    "visible": false
                }, 
                {
                    "children": [], 
                    "event_list": [], 
                    "image": 110861, 
                    "name": "2", 
                    "pos": {
                        "__tuple__": true, 
                        "items": [
                            825.1185302734375, 
                            101.6976318359375
                        ]
                    }, 
                    "pos_percent": {
                        "__tuple__": true, 
                        "items": [
                            825.1185302734376, 
                            101.6976318359375
                        ]
                    }, 
                    "size": {
                        "__tuple__": true, 
                        "items": [
                            140.0, 
                            140.0
                        ]
                    }, 
                    "type": 4, 
                    "uid": "f4ed90f9-aed8-4df9-9290-cce2a7eea151", 
                    "visible": false
                }
            ], 
            "event_list": [], 
            "name": "frame_2", 
            "pos": {
                "__tuple__": true, 
                "items": [
                    45.36163330078125, 
                    127.999755859375
                ]
            }, 
            "pos_percent": {
                "__tuple__": true, 
                "items": [
                    2.3625850677490234, 
                    11.851829246238426
                ]
            }, 
            "type": 7, 
            "uid": "978ef10b-01df-44f2-8074-3bafe6efa623"
        }, 
        {
            "children": [
                {
                    "children": [], 
                    "event_list": [], 
                    "image": 134023, 
                    "name": "1", 
                    "pos": {
                        "__tuple__": true, 
                        "items": [
                            944.0784912109375, 
                            97.81390380859375
                        ]
                    }, 
                    "pos_percent": {
                        "__tuple__": true, 
                        "items": [
                            944.0784912109375, 
                            97.81390380859375
                        ]
                    }, 
                    "type": 4, 
                    "uid": "3eaec678-21b8-4c0f-ac04-6821fe4e4130", 
                    "visible": false
                }, 
                {
                    "children": [], 
                    "event_list": [], 
                    "image": 110861, 
                    "name": "2", 
                    "pos": {
                        "__tuple__": true, 
                        "items": [
                            938.07861328125, 
                            102.81402587890625
                        ]
                    }, 
                    "pos_percent": {
                        "__tuple__": true, 
                        "items": [
                            938.0786132812499, 
                            102.81402587890625
                        ]
                    }, 
                    "size": {
                        "__tuple__": true, 
                        "items": [
                            140.0, 
                            140.0
                        ]
                    }, 
                    "type": 4, 
                    "uid": "f5d9dbc0-b747-4ce4-9c61-245f75df62f8", 
                    "visible": false
                }
            ], 
            "event_list": [], 
            "name": "frame_3", 
            "pos": {
                "__tuple__": true, 
                "items": [
                    38.362213134765625, 
                    125.88848876953125
                ]
            }, 
            "pos_percent": {
                "__tuple__": true, 
                "items": [
                    1.9980319341023765, 
                    11.656341552734375
                ]
            }, 
            "type": 7, 
            "uid": "b9aae01b-b75e-4e53-bd9e-178ea6ae21d5"
        }, 
        {
            "children": [
                {
                    "children": [], 
                    "event_list": [], 
                    "image": 134023, 
                    "name": "1",